1,"Old Henry Classic Belicoso","5.5","52","NIC","NIC","COR/NIC","Colorado Maduro","Full",
1,"Old Henry Classic Champion","6.25","56","NIC","NIC","COR/NIC","Colorado Maduro","Full",
1,"Old Henry Classic Churchill","7","48","NIC","NIC","COR/NIC","Colorado Maduro","Full",
1,"Old Henry Classic Corona","5.5","44","NIC","NIC","COR/NIC","Colorado Maduro","Full",
1,"Old Henry Classic Robusto","5","50","NIC","NIC","COR/NIC","Colorado Maduro","Full",
1,"Old Henry Classic Robusto Especial (LF)","5.5","52","NIC","NIC","COR/NIC","Colorado Maduro","Full",
1,"Old Henry Classic Runt","4.5","42","NIC","NIC","COR/NIC","Colorado Maduro","Full",
1,"Old Henry Classic Short Churchill","6.5","48","NIC","NIC","COR/NIC","Colorado Maduro","Full",
1,"Old Henry Classic Toro","6","52","NIC","NIC","COR/NIC","Colorado Maduro","Full",
1,"Old Henry Classic Torpedo ","6.12","52","NIC","NIC","COR/NIC","Colorado Maduro","Full",
1,"Old Henry Gold Label Belicoso","5.5","52","NIC","NIC","CT/ECU","Colorado Maduro","Medium",
1,"Old Henry Gold Label Churchill","7","48","NIC","NIC","CT/ECU","Colorado Maduro","Medium",
1,"Old Henry Gold Label Corona","5.5","44","NIC","NIC","CT/ECU","Colorado Maduro","Medium",
1,"Old Henry Gold Label Robusto","5","50","NIC","NIC","CT/ECU","Colorado Maduro","Medium",
1,"Old Henry Gold Label Toro","6","52","NIC","NIC","CT/ECU","Colorado Maduro","Medium",
1,"Old Henry Maduro Belicoso","5.5","52","NIC","NIC","CTB/USA","Maduro","Full",
1,"Old Henry Maduro Bully","6","60","NIC","NIC","CTB/USA","Maduro","Full",
1,"Old Henry Maduro Corona","5.5","44","NIC","NIC","CTB/USA","Maduro","Full",
1,"Old Henry Maduro Robusto","5","50","NIC","NIC","CTB/USA","Maduro","Full",
1,"Old Henry Maduro Toro","6","52","NIC","NIC","CTB/USA","Maduro","Full",
1,"Old Henry Pure Breed Churchill","7","49","NIC","NIC","ECU/SUM","Colorado Maduro","Medium-Full",
1,"Old Henry Pure Breed Grandsire","5.5","60","NIC","NIC","ECU/SUM","Colorado Maduro","Medium-Full",
1,"Old Henry Pure Breed Robusto","5","54","NIC","NIC","ECU/SUM","Colorado Maduro","Medium-Full",
1,"Old Henry Pure Breed Toro","6","52","NIC","NIC","ECU/SUM","Colorado Maduro","Medium-Full",
2,"Old Homestead Gold Churchill","7","50","DR","DR/USA","CTS","Colorado","Mild-Medium",
2,"Old Homestead Gold Robusto","5.5","50","DR","DR/USA","CTS","Colorado","Mild-Medium",
2,"Old Homestead Gold Toro","6","54","DR","DR/USA","CTS","Colorado","Mild-Medium",
2,"Old Homestead Gold Torpedo","6","54","DR","DR/USA","CTS","Colorado","Mild-Medium",
3,"Old Port Aromatic","","","","","","Colorado Maduro","",
3,"Old Port Colts Aromatic","","","","","","Colorado Maduro","",
3,"Old Port Colts Bourbon","","","","","","Colorado Maduro","",
3,"Old Port Colts Cherry","","","","","","Colorado Maduro","",
3,"Old Port Colts Cognac","","","","","","Colorado Maduro","",
3,"Old Port Colts Rum & Wine","","","","","","Colorado Maduro","",
3,"Old Port Colts Vanilla","","","","","","Colorado Maduro","",
3,"Old Port Colts Whisky","","","","","","Colorado Maduro","",
3,"Old Port Pintos Rum & Wine","","","","","","Colorado Maduro","Mild",
3,"Old Port Tipped Colts Rum & Wine","","","","","","Colorado Maduro","Mild",
4,"Old Powder Keg Churchill","7","48","USA","NIC/USA","NIC","Maduro","",
4,"Old Powder Keg Corona (discontinued)","5","42","","","CT","","",
4,"Old Powder Keg Lancero (discontinued)","6.75","40","","","CT","","",
4,"Old Powder Keg Robusto","5","50","USA","NIC/USA","NIC","Maduro","",
4,"Old Powder Keg Torpedo","6","50","USA","NIC/USA","NIC","Maduro","",
5,"Old School Cigars (La Sirena) Jaxx LT Gran Toro","6","60","HON","HON/NIC","CTS/ECU","Claro","Medium",
5,"Old School Cigars (La Sirena) Jaxx LT Robusto","5.5","50","HON","HON/NIC","CTS/ECU","Claro","Medium",
5,"Old School Cigars (La Sirena) Jaxx LT Toro","6","52","HON","HON/NIC","CTS/ECU","Claro","Medium",
5,"Old School Cigars (La Sirena) Jaxx Robusto","5","50","NIC","BRA/NIC","HAB/NIC","Oscuro","Medium-Full",
5,"Old School Cigars (La Sirena) Jaxx Toro","6","52","NIC","BRA/NIC","NIC","Oscuro","Medium-Full",
5,"Old School Cigars (La Sirena) Jaxx Toro Grande","6","60","NIC","BRA/NIC","HAB/NIC","Oscuro","Medium-Full",
5,"Old School Cigars (La Sirena) Stixx Belicoso","6","52","DR","DR","BRA","Maduro","Full",
5,"Old School Cigars (La Sirena) Stixx Robusto","5","52","DR","DR","BRA","Maduro","Full",
5,"Old School Cigars (La Sirena) Stixx Super Gran Toro","6","65","DR","DR","BRA","Maduro","Full",
5,"Old School Cigars (La Sirena) Stixx Super Toro","5.5","60","DR","DR","BRA","Maduro","Full",
6,"Old School Cigars (pre-La Sirena) (original blend) Campy","6","54","ECU","ECU","ECU","Maduro","Full",
6,"Old School Cigars (pre-La Sirena) (original blend) Duke Snider","6","60","ECU","ECU","ECU","Maduro","Full",
6,"Old School Cigars (pre-La Sirena) (original blend) Pee Wee","5","50","ECU","ECU","ECU","Maduro","Full",
6,"Old School Cigars (pre-La Sirena) GR8 Double Corona","7.5","49","HON","HON/MEX/NIC","H98/HON","Colorado Maduro","Medium-Full",
6,"Old School Cigars (pre-La Sirena) GR8 Gordo","6","60","HON","HON/MEX/NIC","H98/HON","Colorado Maduro","Medium-Full",
6,"Old School Cigars (pre-La Sirena) GR8 Robusto","5","50","HON","HON/MEX/NIC","H98/HON","Colorado Maduro","Medium-Full",
6,"Old School Cigars (pre-La Sirena) GR8 Torpedo","6.25","54","HON","HOL/MEX/NIC","H98/HON","Colorado Maduro","Medium-Full",
6,"Old School Cigars (pre-La Sirena) Original B Campy","6","54","HON","HON/NIC","MEX","Colorado Maduro","Full",
6,"Old School Cigars (pre-La Sirena) Original B Gil","6","54","HON","HON/NIC","MEX","Colorado Maduro","Full",
6,"Old School Cigars (pre-La Sirena) Original B The Duke","6","60","HON","HON/NIC","MEX","Colorado Maduro","Full",
6,"Old School Cigars (pre-La Sirena) Original B The Pee Wee","5","54","HOL","HOL/NIC","MEX","Colorado Maduro","Full",
6,"Old School Cigars (pre-La Sirena) Stixx Toro (2007 blend)","6.5","56","ECU","ECU","CAM/ECU","Colorado Maduro","Medium",
6,"Old School Cigars (pre-La Sirena) Stixx Toro Maduro (2007 blend)","6.5","56","ECU","ECU","ECU","Maduro","Full",
7,"Old Virginia Cabinet Series Belicoso","6","54","HON","","","Colorado Claro","",
7,"Old Virginia Cabinet Series Churchill","7","48","HON","","","Colorado Claro","",
7,"Old Virginia Cabinet Series Corona","5.5","44","HON","","","Colorado Claro","",
7,"Old Virginia Cabinet Series Robusto","5","50","HON","","","Colorado Claro","",
7,"Old Virginia Executive Series Jefferson","6.125","50","HON","","","Colorado Maduro","",
7,"Old Virginia Executive Series Jefferson","6.125","50","HON","","","Maduro","",
7,"Old Virginia Executive Series Madison","5","54","HON","","","Maduro","",
7,"Old Virginia Executive Series Madison","5","54","HON","","","Colorado Maduro","",
7,"Old Virginia Executive Series Monroe","5.5","43","HON","","","Colorado Maduro","",
7,"Old Virginia Executive Series Monroe","5.5","43","HON","","","Maduro","",
7,"Old Virginia Executive Series Washington","7.25","54","HON","","","Maduro","",
7,"Old Virginia Executive Series Washington","7.25","54","HON","","","Colorado Maduro","",
8,"Oldies But Goodies Churchill Corojo","7","50","NIC","NIC","COR/NIC","Colorado Maduro","Full",
8,"Oldies But Goodies Churchill Maduro","7","50","NIC","NIC","NIC","Maduro","Full",
8,"Oldies But Goodies Robusto Corojo","5","50","NIC","NIC","COR/NIC","Colorado Maduro","Full",
8,"Oldies But Goodies Robusto Maduro","5","50","NIC","NIC","NIC","Maduro","Full",
8,"Oldies But Goodies Toro Corojo","6","50","NIC","NIC","COR/NIC","Colorado Maduro","Full",
8,"Oldies But Goodies Toro Maduro","6","50","NIC","NIC","NIC","Maduro","Full",
9,"Olganza Chico","","","","","","","",
9,"Olganza Classic","","","","","","","",
9,"Olganza Corona","","","","","","","",
9,"Olganza Delicias","","","","","","","",
9,"Olganza Petite Corona","","","","","","","",
9,"Olganza Premier","","","","","","","",
10,"O-Line O2","4","57","NIC","NIC","NIC","Colorado Maduro","Medium",
10,"O-Line O3","5","57","NIC","NIC","NIC","Colorado Maduro","Medium",
10,"O-Line O4","5","50","NIC","NIC","NIC","Colorado Maduro","Medium",
10,"O-Line O5","6","60","NIC","NIC","NIC","Colorado Maduro","Medium",
11,"Oliva (Angel) Angel 100 O.T.C.","6","48","NIC","NIC/PER","ECU","Colorado Maduro","Medium",
11,"Oliva (Angel) Angel 1961","6","45","NIC","NIC/PER","ECU","","",
11,"Oliva (Angel) Angel La Joya","6","54","NIC","NIC/PER","ECU","","",
11,"Oliva (Angel) Angel La Meca Belicoso","6.5","52","NIC","NIC/PER","ECU","","",
11,"Oliva (Angel) Angel O.T.C.","6","48","NIC","NIC/PER","ECU","","",
12,"Oliva/ Studio Tabac Atlantic Cigar 15th Aniversario Diadema ","6.75","48","NIC","NIC","ECU","Colorado","Medium",
12,"Oliva/ Studio Tabac Baptiste Presidente","7","52","NIC","NIC","ECU","Colorado Maduro","Full",
12,"Oliva/ Studio Tabac Baptiste Toro","5.5","54","NIC","NIC","ECU","Colorado Maduro","Full",
12,"Oliva/ Studio Tabac Baptiste Toro Gordo","6","60","NIC","NIC","ECU","Colorado Maduro","Full",
12,"Oliva/ Studio Tabac Baptiste Torpedo","5.5","54","NIC","NIC","ECU","Colorado Maduro","Full",
12,"Oliva/ Studio Tabac Cain Culebra","7","38","NIC","NIC","HAB/NIC","Colorado Maduro","Full",
12,"Oliva/ Studio Tabac Cain Daytona 543 (No.4) ","5","43","NIC","NIC","HAB/NIC","Colorado","Medium",
12,"Oliva/ Studio Tabac Cain Daytona 550 (Robusto) ","5","50","NIC","NIC","HAB/NIC","Colorado","Medium",
12,"Oliva/ Studio Tabac Cain Daytona 646 ","6","46","NIC","NIC","HAB/NIC","Colorado","Medium",
12,"Oliva/ Studio Tabac Cain Daytona 646 Maduro","6","46","NIC","NIC","MEX","Maduro","Medium-Full",
12,"Oliva/ Studio Tabac Cain Daytona 654T (Torpedo) ","6","54","NIC","NIC","HAB/NIC","Colorado","Medium",
12,"Oliva/ Studio Tabac Cain Daytona 660 (Double Toro)","6","60","NIC","NIC","HAB/NIC","Colorado","Medium",
12,"Oliva/ Studio Tabac Cain Daytona Corona ","6","46","NIC","NIC","HAB/NIC","Colorado","Medium",
12,"Oliva/ Studio Tabac Cain Daytona Maduro Figurado","6.625","60","NIC","NIC","MEX","Maduro","Full",
12,"Oliva/ Studio Tabac Cain Daytona Short Robusto","4.5","50","NIC","NIC","HAB/NIC","Colorado","Medium",
12,"Oliva/ Studio Tabac Cain F (Original release)","5","50","NIC","NIC","NIC","Colorado Maduro","Full",
12,"Oliva/ Studio Tabac Cain F 460 (Cain F Nub) ","4","60","NIC","NIC","NIC","Colorado Maduro","Full",
12,"Oliva/ Studio Tabac Cain F 464T (Cain F Nub Torpedo) ","4","64","NIC","NIC","NIC","Colorado Maduro","Full",
12,"Oliva/ Studio Tabac Cain F 550 (Robusto) ","5.7","50","NIC","NIC","NIC","Colorado Maduro","Full",
12,"Oliva/ Studio Tabac Cain F 550 (Robusto) Tubo","5.75","50","NIC","NIC","NIC","Colorado Maduro","Full",
12,"Oliva/ Studio Tabac Cain F 654T (Torpedo) ","6","54","NIC","NIC","NIC","Colorado Maduro","Full",
12,"Oliva/ Studio Tabac Cain F 660 (Double Toro) ","6","60","NIC","NIC","NIC","Colorado Maduro","Full",
12,"Oliva/ Studio Tabac Cain F Lancero (A/T) ","7","38","NIC","NIC","NIC","Colorado Maduro","Full",
12,"Oliva/ Studio Tabac Cain FF Lancero","7","38","NIC","NIC","NIC","Colorado","Full",
12,"Oliva/ Studio Tabac Cain FF Torpedo","6","54","NIC","NIC","NIC","Colorado","Full",
12,"Oliva/ Studio Tabac Cain Habano 460 (Cain Habano Nub) ","4","60","NIC","NIC","HAB/NIC","Colorado Maduro","Full",
12,"Oliva/ Studio Tabac Cain Habano 464T (Cain Habano Nub Torpedo) ","4","64","NIC","NIC","HAB/NIC","Colorado Maduro","Full",
12,"Oliva/ Studio Tabac Cain Habano 550 (Robusto) ","5.7","50","NIC","NIC","HAB/NIC","Colorado Maduro","Full",
12,"Oliva/ Studio Tabac Cain Habano 654T (Torpedo) ","6","54","NIC","NIC","HAB/NIC","Colorado Maduro","Full",
12,"Oliva/ Studio Tabac Cain Habano 660 (Double Toro)","6","60","NIC","NIC","HAB/NIC","Colorado Maduro","Full",
12,"Oliva/ Studio Tabac Cain Habano Ligero (Original Release)","6","50","NIC","NIC","HAB/NIC","Colorado Maduro","Full",
12,"Oliva/ Studio Tabac Cain Maduro 460 (Cain Maduro Nub) ","4","60","NIC","NIC","NIC","Maduro","Full",
12,"Oliva/ Studio Tabac Cain Maduro 464T (Cain Maduro Nub Torpedo)","4","64","NIC","NIC","BRA","Maduro","Full",
12,"Oliva/ Studio Tabac Cain Maduro 550 (Robusto) ","5.7","50","NIC","NIC","NIC","Maduro","Full",
12,"Oliva/ Studio Tabac Cain Maduro 654T (Torpedo) ","6","54","NIC","NIC","NIC","Maduro","Full",
12,"Oliva/ Studio Tabac Cain Maduro 660 (Double Toro)","6","60","NIC","NIC","NIC","Maduro","Full",
12,"Oliva/ Studio Tabac Cain Maduro Ligero (Original Release) ","6","50","NIC","NIC","NIC","Maduro","Full",
12,"Oliva/ Studio Tabac Cain Maduro Robusto Tubo ","5.75","50","NIC","NIC","NIC","Maduro","Full",
12,"Oliva/ Studio Tabac Cain Special Release (2012)","6","50","NIC","NIC","NIC","Colorado","Medium-Full",
12,"Oliva/ Studio Tabac Connecticut Reserve "F" Lonsdale","6.5","44","NIC","NIC","NIC","Colorado","Medium-Full",
12,"Oliva/ Studio Tabac Connecticut Reserve Churchill ","7","50","NIC","NIC","CT/ECU","Colorado Claro","Mild",
12,"Oliva/ Studio Tabac Connecticut Reserve Double Toro ","6","60","NIC","NIC","CTS/ECU","Colorado Claro","Mild",
12,"Oliva/ Studio Tabac Connecticut Reserve Lonsdale","6.5","44","NIC","NIC","CT/ECU","Colorado Claro","Mild",
12,"Oliva/ Studio Tabac Connecticut Reserve Petit Corona ","4","38","NIC","NIC","CTS/ECU","Colorado Claro","Mild",
12,"Oliva/ Studio Tabac Connecticut Reserve Robusto ","5","50","NIC","NIC","CT/ECU","Colorado Claro","Mild",
12,"Oliva/ Studio Tabac Connecticut Reserve Toro ","6","50","NIC","NIC","CT/ECU","Colorado Claro","Mild",
12,"Oliva/ Studio Tabac Connecticut Reserve Torpedo","6.5","52","NIC","NIC","CT/ECU","Colorado Claro","Mild",
12,"Oliva/ Studio Tabac Federal Cigar 93rd Anniversary Reserve No. 2 ","6","52","NIC","NIC","NIC","Colorado Maduro","Medium",
12,"Oliva/ Studio Tabac Grand Cameroon Belicoso","5","52","NIC","NIC","CAM","Colorado Maduro","Mild-Medium",
12,"Oliva/ Studio Tabac Grand Cameroon Churchill","7","50","NIC","NIC","CAM","Colorado Maduro","Mild-Medium",
13,"Oliveros 1927 Churchill","7","50","DR","DR/NIC","BRA","Maduro","Medium-Full",
13,"Oliveros 1927 Toro","5.7","50","DR","DR/NIC","BRA","Maduro","Medium-Full",
13,"Oliveros 1927 Torpedo","6.2","50","DR","DR/NIC","BRA","Maduro","Medium-Full",
13,"Oliveros Classic Cameroon Churchill","7","50","DR","DR/NIC","CAM","Colorado Maduro","Medium",
13,"Oliveros Classic Cameroon Corona","5.5","42","DR","DR/NIC","CAM","Colorado Maduro","Medium",
13,"Oliveros Classic Cameroon Robusto","5","50","DR","DR/NIC","CAM","Colorado Maduro","Medium",
13,"Oliveros Classic Cameroon Toro","5.75","50","DR","DR/NIC","CAM","Naturale","Medium",
13,"Oliveros Classic Cameroon Torpedo","6.25","50","DR","DR/NIC","CAM","Naturale","Medium",
13,"Oliveros Classic Maduro Churchill ","7","50","DR","DR/NIC","NIC","Maduro","Medium",
13,"Oliveros Classic Maduro Corona","5.5","42","DR","DR/NIC","NIC","Maduro","Medium",
13,"Oliveros Classic Maduro Mulato","6.25","46","DR","DR/NIC","NIC","Maduro","Medium",
13,"Oliveros Classic Maduro Robusto","5","50","DR","DR/NIC","NIC","Maduro","Medium",
13,"Oliveros Classic Maduro Toro ","5.75","50","DR","DR/NIC","NIC","Maduro","Medium",
13,"Oliveros Classic Maduro Torpedo","6.25","50","DR","DR/NIC","NIC","Maduro","Medium",
13,"Oliveros Classic Meztizo 2 Capas","6.75","46","DR","DR/NIC","CTS/NIC","Multiple","Medium",
13,"Oliveros Classic Mulato (Barberpole)","6.25","50","DR","DR/NIC","BRA","Multiple","Medium",
13,"Oliveros Classic Shade Churchill","7","50","DR","DR/NIC","CTS","Naturale","Medium",
13,"Oliveros Classic Shade Corona","5.5","42","DR","DR/NIC","CTS","Naturale","Medium",
13,"Oliveros Classic Shade Robusto","5","50","DR","DR/NIC","CTS","Naturale","Medium",
13,"Oliveros Classic Shade Toro","5.75","50","DR","DR/NIC","CTS","Naturale","Medium",
13,"Oliveros Classic Shade Torpedo","6.25","50","DR","DR/NIC","CTS","Naturale","Medium",
13,"Oliveros Classic Sumatra Churchill","7","50","DR","DR/NIC","SUM","Colorado","Mild",
13,"Oliveros Classic Sumatra Corona","5.5","40","DR","DR/NIC","SUM","Colorado","Mild",
13,"Oliveros Classic Sumatra Corona Grande ","6.7","44","DR","DR/NIC","SUM","Colorado","Mild",
13,"Oliveros Classic Sumatra Toro ","5.7","50","DR","DR/NIC","SUM","Colorado","Mild",
13,"Oliveros Classic Sumatra Torpedo","6.2","50","DR","DR/NIC","SUM","Colorado","Mild",
13,"Oliveros Club Collection Coroneles Honey Sweet","7","50","DR","DR","INDO","Colorado Maduro","Mild-Medium",
13,"Oliveros Club Collection Coroneles Vanilla","7","50","DR","DR","INDO","Colorado Maduro","Mild-Medium",
13,"Oliveros Club Collection Dos Perez Honey Sweet","6.75","42","DR","DR","INDO","Colorado Maduro","Mild-Medium",
13,"Oliveros Club Collection Dos Perez Vanilla","6.75","42","DR","DR","DR","Colorado Maduro","Mild-Medium",
13,"Oliveros Club Collection Long Lady Amaretto","5","36","DR","DR","INDO","Colorado Maduro","Mild-Medium",
13,"Oliveros Club Collection Long Lady Cappuccino","5","36","DR","DR","DR","Colorado Maduro","Mild-Medium",
13,"Oliveros Club Collection Long Lady Cherry","5","36","DR","DR","INDO","Colorado Maduro","Mild-Medium",
13,"Oliveros Club Collection Long Lady Chocolate","5","36","DR","DR","INDO","Colorado Maduro","Mild-Medium",
13,"Oliveros Club Collection Long Lady Cinnamon","5","36","DR","DR","INDO","Colorado Maduro","Mild-Medium",
13,"Oliveros Club Collection Long Lady Cognac","5","36","DR","DR","INDO","Colorado Maduro","Mild-Medium",
13,"Oliveros Club Collection Long Lady Honey/Sweet","5","36","DR","DR","INDO","Colorado Maduro","Mild-Medium",
13,"Oliveros Club Collection Long Lady Irish Creme","5","36","DR","DR","INDO","Colorado Maduro","Mild-Medium",
13,"Oliveros Club Collection Long Lady Mojitos","5","36","DR","DR","DR","Colorado Maduro","Mild-Medium",
13,"Oliveros Club Collection Long Lady Orange","5","36","DR","DR","INDO","Colorado Maduro","Mild-Medium",
13,"Oliveros Club Collection Long Lady Peach ","5","36","DR","DR","INDO","Colorado Maduro","Mild-Medium",
13,"Oliveros Club Collection Long Lady Vanilla","5","36","DR","DR","INDO","Colorado Maduro","Mild-Medium",
13,"Oliveros Club Collection Maestro Sweet Torpedo","6.25","50","DR","DR","INDO","Colorado Maduro","Mild-Medium",
13,"Oliveros Club Collection Maestro Sweet Vanilla Torpedo","6.25","50","DR","DR","INDO","Colorado Maduro","Mild-Medium",
13,"Oliveros Club Collection Reyes Peach","5.5","42","DR","DR","INDO","Colorado Maduro","Mild-Medium",
13,"Oliveros Club Collection Reyes Sweet","5.5","42","DR","DR","INDO","Colorado Maduro","Mild-Medium",
13,"Oliveros Club Collection Reyes Vanilla","5.5","42","DR","DR","INDO","Colorado Maduro","Mild-Medium",
13,"Oliveros Club Collection Tango Sweet","4","50","DR","DR","INDO","Colorado Maduro","Mild-Medium",
13,"Oliveros Club Collection Tango Vanilla ","4","50","DR","DR","INDO","Colorado Maduro","Mild-Medium",
13,"Oliveros Club Collection Toros Sweet","5.75","50","DR","DR","INDO","Colorado Maduro","Mild-Medium",
14,"Olor Calcique","7.625","54","DR","DR/HON/NIC","CT","Colorado Claro","Mild",
14,"Olor Colossos","7.25","48","DR","DR/HON/NIC","CT","","",
14,"Olor Fuerte Belicoso","6","54","DR","BRA/DR/NIC","HON","","",
14,"Olor Fuerte Churchill","7","48","DR","BRA/DR/NIC","HON","","",
14,"Olor Fuerte Corona","5.5","42","DR","BRA/DR/NIC","HON","","",
14,"Olor Fuerte Lonsdale ","6.5","44","DR","BRA/DR/NIC","HON","","",
14,"Olor Fuerte Magnum ","6","60","DR","BRA/DR/NIC","HON","","",
14,"Olor Fuerte Robusto","5","50","DR","BRA/DR/NIC","HON","","Full",
14,"Olor Lonsdale","6.5","42","DR","DR/HON/NIC","CT","Colorado Claro","Mild",
14,"Olor Momento","5.5","43","DR","DR/HON/NIC","CT","Colorado Claro","Mild",
14,"Olor Paco","6","50","DR","DR/HON/NIC","CT","","",
14,"Olor Picador","6.75","38","DR","DR/HON/NIC","CT","","",
14,"Olor Pronto","4","38","DR","DR/HON/NIC","CT","","",
14,"Olor Rothschild ","5","50","DR","DR/HON/NIC","CT","Colorado Claro","Mild",
14,"Olor Rothschild Maduro","4.5","50","DR","DR","CT","Maduro","Medium-Full",
15,"Olor del Cibao Churchill","7","50","DR","DR","DR","Colorado Maduro","Mild",
15,"Olor del Cibao Churchill","7","48","DR","","","Multiple","",
15,"Olor del Cibao Churchill","7","48","DR","","","Maduro","",
15,"Olor del Cibao Churchill","7","48","DR","","HAB","","",
15,"Olor del Cibao Churchill","7","48","DR","","CT/ECU","","",
15,"Olor del Cibao Corona","5.12","42","DR","","CT/ECU","","",
15,"Olor del Cibao Corona","5.12","42","DR","","HAB","","",
15,"Olor del Cibao Corona","5.12","42","DR","","","Maduro","",
15,"Olor del Cibao Corona","5.12","42","DR","","","Multiple","",
15,"Olor del Cibao Dark Maduro (Corona Grande)","6","46","DR","DR","DR","Maduro","Mild",
15,"Olor del Cibao Double Shade Presidente","8","50","DR","DR","CT/SUM","Multiple","Mild-Medium",
15,"Olor del Cibao Figurado One","6","60","DR","","CT/ECU","","",
15,"Olor del Cibao Figurado One","6","60","DR","","HAB","","",
15,"Olor del Cibao Figurado One","6","60","DR","","","Maduro","",
15,"Olor del Cibao Figurado One","6","60","DR","","","Multiple","",
15,"Olor del Cibao Figurado Two","4.5","56","DR","","","Multiple","",
15,"Olor del Cibao Figurado Two","4.5","56","DR","","","Maduro","",
15,"Olor del Cibao Figurado Two","4.5","56","DR","","HAB","","",
15,"Olor del Cibao Figurado Two","4.5","56","DR","","CT/ECU","","",
15,"Olor del Cibao King Robusto","5","50","DR","DR","SUM","Colorado Maduro","Medium",
15,"Olor del Cibao Lancero","7.5","38","DR","","","Multiple","",
15,"Olor del Cibao Lancero","7.5","38","DR","","","Maduro","",
15,"Olor del Cibao Lancero","7.5","38","DR","","HAB","","",
15,"Olor del Cibao Lancero","7.5","38","DR","","CT/ECU","","",
15,"Olor del Cibao Petite Robusto","4","52","DR","","","Multiple","",
15,"Olor del Cibao Petite Robusto","4","52","DR","","","Maduro","",
15,"Olor del Cibao Petite Robusto","4","52","DR","","HAB","","",
15,"Olor del Cibao Petite Robusto","4","52","DR","","CT/ECU","","",
15,"Olor del Cibao Robusto","5","52","DR","","CT/ECU","","",
15,"Olor del Cibao Robusto","5","52","DR","","HAB","","",
15,"Olor del Cibao Robusto","5","52","DR","","","Maduro","",
15,"Olor del Cibao Robusto","5","52","DR","","","Multiple","",
15,"Olor del Cibao Sublimes","6","60","DR","","CT/ECU","","",
15,"Olor del Cibao Sublimes","6","60","DR","","HAB","","",
15,"Olor del Cibao Sublimes","6","60","DR","","","Maduro","",
15,"Olor del Cibao Sublimes","6","60","DR","","","Multiple","",
15,"Olor del Cibao Toro","6","52","DR","","","Multiple","",
15,"Olor del Cibao Toro","6","52","DR","","","Maduro","",
15,"Olor del Cibao Toro","6","52","DR","","HAB","","",
15,"Olor del Cibao Toro","6","52","DR","","CT/ECU","","",
15,"Olor del Cibao Torpedo","6.12","52","DR","","CT/ECU","","",
15,"Olor del Cibao Torpedo","6.12","52","DR","","HAB","","",
15,"Olor del Cibao Torpedo","6.12","52","DR","","","Maduro","",
15,"Olor del Cibao Torpedo","6.12","52","DR","","","Multiple","",
16,"Olor Nicaragua Churchill","7.5","50","NIC","NIC","ECU","Colorado Maduro","Full",
16,"Olor Nicaragua Corona","5.5","42","NIC","NIC","ECU","Colorado Maduro","Full",
16,"Olor Nicaragua Lonsdale","6.5","44","NIC","NIC","ECU","Colorado Maduro","Full",
16,"Olor Nicaragua Robusto","5","50","NIC","NIC","ECU","Colorado Maduro","Full",
16,"Olor Nicaragua Toro","6","50","NIC","NIC","ECU","Colorado Maduro","Full",
17,"Olympia Churchill","7","48","DR","DR","INDO","Colorado Maduro","Mild-Medium",
17,"Olympia Lonsdale","6","43","DR","DR","INDO","Colorado Maduro","Mild-Medium",
17,"Olympia Robusto","4.5","50","DR","DR","INDO","Colorado Maduro","Mild-Medium",
17,"Olympia Toro","6","50","DR","DR","INDO","Colorado Maduro","Mild-Medium",
18,"Omar Ortez Honduran Maduro Robusto Grande ","5","54","HON","NIC/PAN","NIC","Maduro","Full",
18,"Omar Ortez Honduran Maduro Short Torpedo","5","48","HON","NIC/PAN","NIC","Maduro","Full",
18,"Omar Ortez Honduran Maduro Toro ","6","54","HON","NIC/PAN","NIC","Maduro","Full",
18,"Omar Ortez Honduran Maduro Torpedo","6","52","HON","NIC/PAN","NIC","Maduro","Full",
18,"Omar Ortez Originals Belicoso","6.12","52","NIC","NIC","NIC","Colorado Maduro","Full",
18,"Omar Ortez Originals Robusto","5","54","NIC","NIC","NIC","Colorado Maduro","Full",
18,"Omar Ortez Originals Toro","6","54","NIC","NIC","NIC","Colorado Maduro","Full",
18,"Omar Ortez Puro Maduro robusto","5.5","52","","MEX","MEX","Maduro","Medium-Full",
18,"Omar Ortez Puro Maduro short belicoso","4","52","","MEX","MEX","Maduro","Medium-Full",
18,"Omar Ortez Puro Maduro toro","6","54","","MEX","MEX","Maduro","Medium-Full",
19,"Omar Ortiz Diamondback Churchill","7","52","NIC","NIC","CTS/ECU","Colorado Claro","Mild-Medium",
19,"Omar Ortiz Diamondback Corona ","5.5","44","NIC","NIC","CTS/ECU","Colorado Claro","Mild-Medium",
19,"Omar Ortiz Diamondback Robusto ","5","54","NIC","NIC","CTS/ECU","Colorado Claro","Mild-Medium",
19,"Omar Ortiz Diamondback Toro","6","54","NIC","NIC","CTS/ECU","Colorado Claro","Mild-Medium",
20,"Omega Cherry Little Cigars","3.875","20","USA","INDO/USA","HMG","Colorado Claro","Mild",
20,"Omega Menthol Little Cigars","3.875","20","USA","INDO/USA","HMG","Colorado Claro","Mild",
20,"Omega National Slims 100","3.875","20","USA","INDO/USA","HMG","Colorado Claro","Mild",
20,"Omega Naturales Little Cigars","3.875","20","USA","INDO/USA","HMG","Colorado Claro","Mild",
20,"Omega Sweet Little Cigars","3.875","20","USA","INDO/USA","HMG","Colorado Claro","Mild",
20,"Omega Tipped","3.375","20","USA","INDO/USA","HMG","Colorado Claro","Mild",
21,"One 13 Prelude Maduro","6","42","NIC","NIC","NIC","Maduro","Medium",
21,"One 13 Prelude Maduro Churchill","7","50","USA","NIC","NIC","Maduro","Full",
21,"One 13 Prelude Maduro Robusto","5","50","USA","NIC","NIC","Maduro","Full",
21,"One 13 Prelude Maduro Toro","6","52","USA","NIC","NIC","Maduro","Full",
21,"One 13 Prelude Natural Churchill","7","50","USA","NIC","ECU/SUM","Colorado","Medium-Full",
21,"One 13 Prelude Natural Robusto","5","50","USA","NIC","ECU/SUM","Colorado","Medium-Full",
21,"One 13 Prelude Natural Toro","6","52","USA","NIC","ECU/SUM","Colorado","Medium-Full",
22,"One-N-Done 2014 Nicaraguan Batch Churchill Habano","7","52","NIC","NIC","SEC","Colorado Maduro","Medium",
22,"One-N-Done 2014 Nicaraguan Batch Churchill Maduro","7","52","NIC","NIC","SEC","Maduro","Medium-Full",
22,"One-N-Done 2014 Nicaraguan Batch Churchill Pressed Habano","7","52","NIC","NIC","SEC","Colorado Maduro","Medium",
22,"One-N-Done 2014 Nicaraguan Batch Churchill Pressed Maduro","7","52","NIC","NIC","SEC","Maduro","Medium-Full",
22,"One-N-Done 2014 Nicaraguan Batch Gordo Habano","6","60","NIC","NIC","SEC","Colorado Maduro","Medium",
22,"One-N-Done 2014 Nicaraguan Batch Robusto Gordo Maduro","5","56","NIC","NIC","SEC","Maduro","Medium-Full",
22,"One-N-Done 2014 Nicaraguan Batch Robusto Habano 5x50 ","5","50","NIC","NIC","SEC","Colorado Maduro","Medium",
22,"One-N-Done 2014 Nicaraguan Batch Robusto Habano 5x52","5","52","NIC","NIC","SEC","Colorado Maduro","Medium",
22,"One-N-Done 2014 Nicaraguan Batch Robusto Maduro 5x50","5","50","NIC","NIC","SEC","Maduro","Medium-Full",
22,"One-N-Done 2014 Nicaraguan Batch Robusto Pressed Habano 5x50","5","50","NIC","NIC","SEC","Colorado Maduro","Medium",
22,"One-N-Done 2014 Nicaraguan Batch Robusto Pressed Maduro 5x50","5","50","NIC","NIC","SEC","Maduro","Medium-Full",
22,"One-N-Done 2014 Nicaraguan Batch Robusto Pressed Maduro 5x52 ","5","52","NIC","NIC","SEC","Maduro","Medium-Full",
22,"One-N-Done 2014 Nicaraguan Batch Salomon Habano","7.125","58","NIC","NIC","SEC","Colorado Maduro","Medium",
22,"One-N-Done 2014 Nicaraguan Batch Toro Habano","6","54","NIC","NIC","SEC","Colorado Maduro","Medium",
22,"One-N-Done 2014 Nicaraguan Batch Toro Maduro","6","54","NIC","NIC","SEC","Maduro","Medium-Full",
22,"One-N-Done Ecuadorian Connecticut Torpedo","6.5","52","NIC","HON/NIC","CTS/ECU","Claro","Mild-Medium",
22,"One-N-Done Jalapa Corojo Robusto Box-Pressed","5","52","NIC","NIC","COR/NIC","Colorado Maduro","Medium",
22,"One-N-Done Jalapa Habano Gran Robusto","5.5","54","NIC","NIC","HAB/NIC","Colorado","Medium",
22,"One-N-Done Jalapa Habano Torpedo ","6.25","52","NIC","NIC","HAB/NIC","Colorado","Medium",
22,"One-N-Done Jamastran Criollo Double Oscuro Robusto","5","50","NIC","HON/NIC","CRI/HON","Oscuro","Medium",
22,"One-N-Done Jamastran Criollo Gordo","6.5","60","NIC","HON/NIC","CRI/HON","Colorado Maduro","Medium",
22,"One-N-Done Jamastran Criollo Oscuro Robusto","5","50","NIC","HON/NIC","CRI/HON","Oscuro","Medium",
22,"One-N-Done Jamastran Habano Gran Robusto","5.5","54","NIC","HON/NIC","HAB/HON","Colorado","Medium",
22,"One-N-Done Jamastran Habano Torpedo","6.25","52","NIC","HON/NIC","HAB/HON","Colorado","Medium",
22,"One-N-Done Nicaraguan Habano Rothschild","4","52","NIC","NIC","HAB/NIC","Colorado","Medium",
23,"Oneoff +53 Super R ","5.62","48","NIC","NIC","HON","Colorado","Medium",
23,"Oneoff Allegria Cervante","6.5","42","NIC","NIC","HON","Colorado Claro","Mild",
23,"Oneoff Allegria Churchill","7","47","NIC","NIC","HON","Colorado Claro","Mild",
23,"Oneoff Allegria Corona","5.5","42","NIC","NIC","HON","Colorado Claro","Mild",
23,"Oneoff Allegria Robusto","4.87","50","NIC","NIC","HON","Colorado Claro","Mild",
23,"Oneoff Allegria Short Perfecto","4.87","50","NIC","NIC","HON","Colorado Claro","Mild",
23,"Oneoff Campana","5.5","52","NIC","NIC","HON","Colorado","Medium",
23,"Oneoff Cervantes","6.5","42","NIC","NIC","HON","Colorado","Medium",
23,"Oneoff Corona Gorda","5.37","46","NIC","NIC","HON","Colorado","Medium",
23,"Oneoff Coronas","5.5","42","NIC","NIC","HON","Colorado","Medium",
23,"Oneoff Doble Capa Chairman Fat","6","60","NIC","NIC","CTS/HON","Multiple","Medium",
23,"Oneoff Doble Capa Churchill","7","52","NIC","NIC","CTS/HON","Multiple","Medium",
23,"Oneoff Doble Capa Gran Torpedo","6","60","NIC","NIC","CTS/HON","Multiple","Medium",
23,"Oneoff Doble Capa Salomones","7.125","57","NIC","NIC","CTS/HON","Multiple","Medium",
23,"Oneoff Doble Capa Toro","6","52","NIC","NIC","CTS/HON","Multiple","Medium",
23,"Oneoff Doble Capa Torpedo","6.5","54","NIC","NIC","CTS/HON","Multiple","Medium",
23,"Oneoff Julieta","7","47","NIC","NIC","HON","Colorado","Medium",
23,"Oneoff Laguito No. 2","6","38","NIC","NIC","HON","Colorado","Medium",
23,"Oneoff Laguitos No. 1","7.5","38","NIC","NIC","HON","Colorado","Medium",
23,"Oneoff Mareva","5","42","NIC","NIC","HON","Colorado","Medium",
23,"Oneoff Ninfas","7","33","NIC","NIC","HON","Colorado","Medium",
23,"Oneoff Perfecto","5.5","52","NIC","NIC","HON","Colorado","Medium",
23,"Oneoff Perlas","4","40","NIC","NIC","HON","Colorado","Medium",
23,"Oneoff Piramides","6.12","52","NIC","NIC","HON","Colorado","Medium",
23,"Oneoff Prominentas","7.62","49","NIC","NIC","HON","Colorado","Medium",
23,"Oneoff Robusto","4.87","50","NIC","NIC","HON","Colorado","Medium",
23,"Oneoff Seoanes","5","36","NIC","NIC","HON","Colorado","Medium",
23,"Oneoff Soberanos ","7.37","52","NIC","NIC","HON","Colorado","Medium",
24,"Onyx Night Fall Half Past ","6","54","HON","HON/MEX/NIC","SEC","Maduro","Medium",
24,"Onyx Night Fall Midnight","6","60","HON","HON/MEX/NIC","SEC","Maduro","Medium",
24,"Onyx Night Fall Quarter 2","5","54","HON","HON/MEX/NIC","SEC","Maduro","Medium",
24,"Onyx No. 642","6","42","DR","DR/MEX","MEX","Maduro","Mild-Medium",
24,"Onyx No. 646","6.625","46","DR","DR/MEX","MEX","Maduro","Mild-Medium",
24,"Onyx No. 650","6","50","DR","DR/MEX","MEX","Maduro","Mild-Medium",
24,"Onyx No. 750","7.5","50","DR","DR/MEX","MEX","Maduro","Mild-Medium",
24,"Onyx No. 852","8","52","DR","DR/MEX","MEX","Maduro","Mild-Medium",
24,"Onyx Reserve Churchill ","7","50","DR","DR/NIC/PER","CT","Maduro","Medium-Full",
24,"Onyx Reserve Impulse","4","30","DR","DR/NIC/PER","CT","Maduro","Medium-Full",
24,"Onyx Reserve Lonsdale","6.75","44","DR","DR/NIC/PER","CT","Maduro","Medium-Full",
24,"Onyx Reserve Mini","3.6","24","DR","DR/NIC/PER","CT","Maduro","Medium-Full",
24,"Onyx Reserve Mini Belicoso ","5","52","DR","DR/NIC/PER","CT","Maduro","Medium-Full",
24,"Onyx Reserve No. 2 Belicoso ","6.12","52","DR","DR/NIC/PER","CT","Maduro","Medium-Full",
24,"Onyx Reserve No. 4","5","44","DR","DR/NIC/PER","CT","Maduro","Medium-Full",
24,"Onyx Reserve Robusto ","5","50","DR","DR/NIC/PER","CT","Maduro","Medium-Full",
24,"Onyx Reserve Torbusto ","5.5","60","DR","DR/NIC/PER","CT","Maduro","Medium-Full",
24,"Onyx Reserve Toro ","6","50","DR","DR/NIC/PER","CT","Maduro","Medium-Full",
24,"Onyx Vintage '97 Black Prince","6","48","DR","BRA/NIC/PER","MEX","Maduro","Medium",
24,"Onyx Vintage '97 Epicure ","4.5","50","DR","BRA/NIC/PER","MEX","Maduro","Medium",
24,"Onyx Vintage '97 Escepcionale","6","42","DR","NIC/PER/BRA","MEX","Maduro","Medium",
24,"Onyx Vintage '97 Spanish Colonial","6","50","DR","BRA/NIC/PER","MEX","Maduro","Medium",
25,"Optimo Admiral","6","41","USA","CBCS","CTS/ECU/MEX","Claro","Mild",
25,"Optimo Blunts Icy Mint","5","42","USA","","","","",
25,"Optimo Blunts Peach","5","42","USA","","","","",
25,"Optimo Blunts Strawberry","5","42","USA","","","","",
25,"Optimo Brigadier","6","42","USA","CBCS","ECU/CTS/MEX","Claro","Mild",
25,"Optimo Cigarillo Grape","4.37","28","USA","CBCS","","","",
25,"Optimo Cigarillo Honey","4.37","28","USA","CBCS","","","",
25,"Optimo Cigarillo Icy Mint","4.37","28","USA","CBCS","ECU/CTS/MEX","Claro","Mild",
25,"Optimo Cigarillo Light Wrapper","4.37","28","USA","CBCS","CTS/ECU/MEX","Double Claro","Mild",
25,"Optimo Cigarillo Peach","4.37","28","USA","CBCS","CTS/ECU/MEX","Claro","Mild",
25,"Optimo Clasico II Amaretto","6","43","USA","","","","",
25,"Optimo Clasico II Rum","6","43","USA","","","","",
25,"Optimo Clasico II Vanilla","6","43","USA","","","","",
25,"Optimo Clasico III","6","50","USA","","","Colorado Maduro","",
25,"Optimo Clasico IV","7","48","USA","","","Colorado Maduro","",
25,"Optimo Clasico V","8","50","USA","","","","",
25,"Optimo Corona Deluxe","5.62","42","USA","CBCS","CTS","Claro","Mild",
25,"Optimo Corona Extra","5.62","42","USA","CBCS","ECU","Double Claro","Mild",
25,"Optimo Corona Tube","5.25","42","USA","CBCS","ECU/CTS/MEX","Claro","Mild",
25,"Optimo Corona Tube Rum","5.25","42","USA","CBCS","ECU/CTS/MEX","Claro","Mild",
25,"Optimo Palma","6","42","USA","CBCS","ECU/CTS/MEX","Maduro","Mild",
25,"Optimo Panetela","5.25","33","USA","CBCS","ECU/CTS/MEX","Double Claro","Mild",
25,"Optimo Sport","4.5","42","USA","CBCS","ECU/CTS/MEX","Double Claro","Mild",
25,"Optimo Sport","4.5","42","USA","CBCS","ECU/CTS/MEX","Claro","Mild",
26,"Opus X "13" Belicoso (2013)","5.75","54","DR","DR","DR","Rosado","Full",
26,"Opus X "13" Belicoso (2014)","5.625","52","DR","DR","DR","Rosado","Full",
26,"Opus X "13" No. 4","5.2","43","DR","DR","DR","Maduro","Full",
26,"Opus X "13" Robusto","5.25","50","DR","DR","DR","Maduro","Full",
26,"Opus X "St. Judes" Double Corona","7.625","49","DR","DR","DR","Colorado","Full",
26,"Opus X 20 Years Celebration Believe","5.75","52","DR","DR","DR","Rosado","Medium-Full",
26,"Opus X 20 Years Celebration Father & Son","6.25","49","DR","DR","DR","Rosado","Medium-Full",
26,"Opus X 20 Years Celebration God's Whisper","6.5","56","DR","DR","DR","Rosado","Medium-Full",
26,"Opus X 20 Years Celebration Power of the Dream","6.375","52","DR","DR","DR","Rosado","Medium-Full",
26,"Opus X 848","8","48","DR","DR","DR","Colorado","Full",
26,"Opus X 888 Especial","7","44","DR","DR","DR","Colorado","Medium-Full",
26,"Opus X 952R","5.75","50","DR","DR","DR","Colorado","Full",
26,"Opus X A ","9.25","47","DR","DR","DR","Rosado","Medium-Full",
26,"Opus X Angel's Share Fuente Fuente (Corona Gorda) ","5.62","46","DR","DR","DR","Rosado","Full",
26,"Opus X Angel's Share Perfecxion X ","6.25","48","DR","DR","DR","Rosado","Full",
26,"Opus X Angel's Share Reserva D'Chateau ","7","48","DR","DR","DR","Rosado","Full",
26,"Opus X Angel's Share Robusto ","5.25","52","DR","DR","DR","Rosado","Full",
26,"Opus X Angel's Share Toro (Opus gift sets)","6.25","48","DR","DR","DR","Colorado","Mild-Medium",
26,"Opus X Baber Pole Double Corona","7.625","49","DR","DR","DR","Multiple","Full",
26,"Opus X Barber Pole "A"","9.25","47","DR","DR","DR","Multiple","Full",
26,"Opus X Barber Pole Tricolor "A"","9.25","47","DR","DR","DR","Multiple","Full",
26,"Opus X BBMF","6.5","64","DR","DR","DR","Multiple","Medium-Full",
26,"Opus X Black Orchid","6","34","DR","DR","DR","Maduro","Full",
26,"Opus X Boxed Pressed "A"","9.25","47","DR","DR","DR","Colorado","Full",
26,"Opus X Carlito's Stash Opus X No.4","6.7","43","DR","DR","DR","Colorado","Full",
26,"Opus X Carlito's Stash Opus X Petit Lancero","5.75","39","DR","DR","DR","Colorado","Full",
26,"Opus X Carlito's Stash Robusto","4.75","50","DR","DR","DR","Colorado","Full",
26,"Opus X Carlos Fuente III birth cigar","4.625","49","DR","DR","DR","Colorado","Full",
26,"Opus X CFCF Toast Across America 2003","6.5","48","DR","DR","DR","Colorado","Full",
26,"Opus X CFCF Toast Across America 2004","7","48","DR","DR","DR","Colorado","Full",
26,"Opus X CFCF Toast Across America 2005","7","48","DR","DR","DR","Colorado","Full",
26,"Opus X CFCF Toast Across America 2006","6.25","48","DR","DR","DR","Colorado","Full",
26,"Opus X CFCF Toast Across America 2007","7","48","DR","DR","DR","Rosado","Full",
26,"Opus X CFCF Toast Across America 2008","7","50","DR","DR","DR","Colorado","Full",
26,"Opus X CFCF Toast Across America 2009 ","5.85","52","DR","DR","DR","Rosado","Full",
26,"Opus X CFCF Toast Across America 2010 ","6","56","DR","DR","DR","Rosado","Full",
26,"Opus X CFCF Toast Across America 2011","6","58","DR","DR","DR","Rosado","Full",
26,"Opus X CFCF Toast Across America 2012","6","64","DR","DR","DR","Rosado","Full",
26,"Opus X CFCF Toast Across America 2013","6","52","DR","DR","DR","Rosado","Full",
26,"Opus X CFCF Toast Across America 2014 No. 77 "Shark"","5.6","54","DR","DR","DR","Rosado","Full",
26,"Opus X CFCF Toast Across America 2015 No. 77 "Shark"","5.6","54","DR","DR","DR","Rosado","Full",
26,"Opus X CFCF Toast Across America 2016","7.625","54","DR","DR","DR","Rosado","Full",
26,"Opus X ChiLee Pepper (Green Chili Pepper)","5","55","DR","DR","SEC","Double Claro","Full",
26,"Opus X Chili Pepper","5","55","DR","DR","DR","Colorado","Full",
26,"Opus X Crowning Glory","5.5","50","DR","DR","DR","Colorado","Full",
26,"Opus X Cuban Tickler","5.625","54","DR","DR","DR","Colorado","Full",
26,"Opus X Dan Marino Cigar Dinner Perfexcion X","6.5","48","DR","DR","DR","Colorado","Full",
26,"Opus X Destino al Siglo A","9.25","47","DR","DR","DR","Rosado","Full",
26,"Opus X Destino al Siglo Fuente Fuente","5.625","46","DR","DR","DR","Rosado","Full",
26,"Opus X Destino al Siglo Lancero ","7.5","38","DR","DR","DR","Rosado","Full",
27,"Ora Vivo (Armand Assante) Ov-3 ","5","54","NIC","NIC","NIC","Colorado Maduro","Medium-Full",
27,"Ora Vivo (Armand Assante) Ov-6","6","56","NIC","NIC","NIC","Colorado Maduro","Medium-Full",
27,"Ora Vivo (Armand Assante) Ov-7","6","60","NIC","NIC","NIC","Colorado Maduro","Medium-Full",
27,"Ora Vivo (Armand Assante) Ov-8","7.5","58","NIC","NIC","NIC","Colorado Maduro","Medium-Full",
28,"Orange Label Belicoso","6.5","52","DR","DR","ECU","Colorado Claro","Mild",
28,"Orange Label Belicoso Maduro","6.5","52","DR","DR","CTB/USA","Maduro","Mild",
28,"Orange Label Churchill","7.25","52","DR","DR","ECU","Colorado Claro","Mild",
28,"Orange Label Churchill Maduro","7.25","52","DR","DR","CTB/USA","Maduro","Mild",
28,"Orange Label Corona","5.5","44","DR","DR","ECU","Colorado Claro","Mild",
28,"Orange Label Corona Maduro","5.5","44","DR","DR","CTB/USA","Maduro","Mild",
28,"Orange Label Panatela","6.5","40","DR","DR","ECU","Colorado Claro","Mild",
28,"Orange Label Panatela Maduro","6.5","40","DR","DR","CTB/USA","Maduro","Mild",
28,"Orange Label Petit","4","40","DR","DR","ECU","Colorado Claro","Mild",
28,"Orange Label Petit Maduro","4","40","DR","DR","CTB/USA","Maduro","Mild",
28,"Orange Label Toro","6","52","DR","DR","ECU","Colorado Claro","Mild",
28,"Orange Label Toro Maduro","6","52","DR","DR","CTB/USA","Maduro","Mild",
29,"Orgullo de Nicaragua 5x50","5","50","NIC","NIC","COR","Maduro","Medium",
29,"Orgullo de Nicaragua Belicoso","6.1","52","NIC","NIC","CT","Colorado Claro","Mild",
29,"Orgullo de Nicaragua Belicoso Maduro","6.1","50","NIC","NIC","COR","Maduro","Medium",
29,"Orgullo de Nicaragua Gran Toro","6.5","52","NIC","NIC","CT","Colorado Claro","Mild",
29,"Orgullo de Nicaragua Gran Toro Maduro","6.5","52","NIC","NIC","COR","Maduro","Medium",
29,"Orgullo de Nicaragua Robusto","5","50","NIC","NIC","CT","Colorado Claro","Mild",
30,"Orient Express Le Club","","","","","","","",
31,"Original Cubans Belicoso","6","50","DR","DR","ECU","Naturale","",
31,"Original Cubans Corona","6.5","42","DR","DR","ECU","Naturale","",
31,"Original Cubans Double Corona","7","50","DR","DR","ECU","Naturale","",
31,"Original Cubans Robusto","5","50","DR","DR","ECU","Naturale","",
32,"Origins 203 Series Churchill","7","50","DR","DR","CTS","Colorado Claro","Mild",
32,"Origins 203 Series Robusto","5","50","DR","DR","CTS","Colorado Claro","Mild",
32,"Origins 203 Series Toro","5.5","54","DR","DR","CTS","Colorado Claro","Mild",
32,"Origins 203 Series Torpedo","6","54","DR","DR","CTS","Colorado Claro","Mild",
32,"Origins 505 Series Churchill","7","50","DR","DR","NIC","Colorado Maduro","Full",
32,"Origins 505 Series Robusto","5","50","DR","DR","NIC","Colorado Maduro","Full",
32,"Origins 505 Series Toro","5.5","54","DR","DR","NTL","Colorado Maduro","Full",
32,"Origins 505 Series Torpedo","6","54","DR","DR","NIC","Colorado Maduro","Full",
32,"Origins 52 Series Churchill","7","50","DR","DR","MEX","Maduro","Full",
32,"Origins 52 Series Robusto","5","50","DR","DR","MEX","Maduro","Full",
32,"Origins 52 Series Toro","5.5","54","DR","DR","MEX","Maduro","Full",
32,"Origins 52 Series Torpedo","6","54","DR","DR","MEX","Maduro","Full",
32,"Origins 53-82 Series Churchill","7","50","DR","DR","CR","Colorado Claro","Medium",
32,"Origins 53-82 Series Robusto","5","50","DR","DR","CR","Colorado Claro","Medium",
32,"Origins 53-82 Series Toro","5.5","54","DR","DR","CR","Colorado Claro","Medium",
32,"Origins 53-82 Series Torpedo","6","54","DR","DR","CR","Colorado Claro","Medium",
32,"Origins 55 Series Churchill","7","50","DR","DR","BRA","Maduro","Full",
32,"Origins 55 Series Robusto","5","50","DR","DR","BRA","Maduro","Full",
32,"Origins 55 Series Toro","5.5","54","DR","DR","BRA","Maduro","Full",
32,"Origins 55 Series Torpedo","6","54","DR","DR","BRA","Maduro","Full",
32,"Origins 809 Series Churchill","7","50","DR","DR","INDO","Colorado Maduro","Medium",
32,"Origins 809 Series Robusto","5","50","DR","DR","INDO","Colorado Maduro","Medium",
32,"Origins 809 Series Toro","5.5","54","DR","DR","INDO","Colorado Maduro","Medium",
32,"Origins 809 Series Torpedo","6","54","DR","DR","INDO","Colorado Maduro","Medium",
32,"Origins Reserva Especial 1978","","","DR","DR","","","",
33,"Orinoco 1613 400th Anniversary Maduro","6","50","NIC","NIC","NIC","Maduro","Medium",
33,"Orinoco 1613 Discovery Belicoso","5","52","NIC","","SUM","Colorado Maduro","Medium-Full",
33,"Orinoco 1613 Discovery Corona","6","48","NIC","","SUM","Colorado Maduro","Medium-Full",
33,"Orinoco 1613 Discovery Toro","6","50","NIC","","SUM","Colorado Maduro","Medium-Full",
33,"Orinoco 1613 Discovery Toro Grande","6","56","NIC","","SUM","Colorado Maduro","Medium-Full",
33,"Orinoco 1613 Godspeed Churchill","7","50","NIC","","CTS","Colorado Claro","Mild",
33,"Orinoco 1613 Godspeed Robusto","5","50","NIC","","CTS","Colorado Claro","Mild",
33,"Orinoco 1613 Godspeed Toro","6","52","NIC","","CTS","Colorado Claro","Mild",
33,"Orinoco 1613 Susan B. Constant Churchill","7","50","NIC","","COR","Colorado Maduro","Full",
33,"Orinoco 1613 Susan B. Constant Robusto","5","50","NIC","","COR","Colorado Maduro","Full",
33,"Orinoco 1613 Susan B. Constant Toro","6","50","NIC","","COR","Colorado Maduro","Full",
34,"Ornelas 250 mm","9.5","64","MEX","MEX","MEX","Colorado Claro","Mild",
34,"Ornelas ABC Extra","7","30","MEX","MEX","MEX","Colorado Claro","Mild",
34,"Ornelas Cafetero Chico","5.5","46","MEX","MEX","MEX","Maduro","Mild",
34,"Ornelas Cafetero Grande","6.5","46","MEX","MEX","MEX","Maduro","Mild",
34,"Ornelas Churchill","7","49","MEX","MEX","MEX","Colorado Claro","Mild",
34,"Ornelas Churchill Maduro","7","49","MEX","MEX","MEX","Maduro","Mild",
34,"Ornelas LTD al Cognac","6.25","42","MEX","MEX","MEX","Maduro","Mild",
34,"Ornelas Matinee","6","30","MEX","MEX","MEX","Colorado Claro","Mild",
34,"Ornelas Matinee Chocolate","6","30","MEX","MEX","MEX","Colorado Claro","Mild",
34,"Ornelas Matinee Coffee","6","30","MEX","MEX","MEX","Colorado Claro","Mild",
34,"Ornelas Matinee Lights","4.75","30","MEX","MEX","MEX","Colorado Claro","Mild",
34,"Ornelas Matinee Lights Vanilla","4.75","30","MEX","MEX","MEX","Colorado Claro","Mild",
34,"Ornelas Matinee Vanilla","6","30","MEX","MEX","MEX","Colorado Claro","Mild",
34,"Ornelas No. 1","6.75","44","MEX","MEX","MEX","Colorado Claro","Mild",
34,"Ornelas No. 1 Chocolate","6.75","44","MEX","MEX","MEX","Colorado Claro","Mild",
34,"Ornelas No. 1 Coffee","6.75","44","MEX","MEX","MEX","Colorado Claro","Mild",
34,"Ornelas No. 1 Vanilla","6.75","44","MEX","MEX","MEX","Colorado Claro","Mild",
34,"Ornelas No. 2","6","44","MEX","MEX","MEX","Colorado Claro","Mild",
34,"Ornelas No. 2 Chocolate","6","44","MEX","MEX","MEX","Colorado Claro","Mild",
34,"Ornelas No. 2 Coffee","6","44","MEX","MEX","MEX","Colorado Claro","Mild",
34,"Ornelas No. 2 Vanilla","6","44","MEX","MEX","MEX","Colorado Claro","Mild",
34,"Ornelas No. 3","7","38","MEX","MEX","MEX","Colorado Claro","Mild",
34,"Ornelas No. 3 Chocolate","7","38","MEX","MEX","MEX","Colorado Claro","Mild",
34,"Ornelas No. 3 Coffee","7","38","MEX","MEX","MEX","Colorado Claro","Mild",
34,"Ornelas No. 3 Vanilla","7","38","MEX","MEX","MEX","Colorado Claro","Mild",
34,"Ornelas No. 4","5","44","MEX","MEX","MEX","Colorado Claro","Mild",
34,"Ornelas No. 4 Chocolate","5","44","MEX","MEX","MEX","Colorado Claro","Mild",
34,"Ornelas No. 4 Coffee","5","44","MEX","MEX","MEX","Colorado Claro","Mild",
34,"Ornelas No. 4 Vanilla","5","44","MEX","MEX","MEX","Colorado Claro","Mild",
34,"Ornelas No. 5","6","38","MEX","MEX","MEX","Colorado Claro","Mild",
34,"Ornelas No. 5 Chocolate","6","38","MAL","MEX","MEX","Colorado Claro","Mild",
34,"Ornelas No. 5 Coffee","6","38","MEX","MEX","MEX","Colorado Claro","Mild",
34,"Ornelas No. 5 Vanilla","6","38","MEX","MEX","MEX","Colorado Claro","Mild",
34,"Ornelas No. 6","5","38","MEX","MEX","MEX","Colorado Claro","Mild",
34,"Ornelas No. 6 Chocolate","5","38","MEX","MEX","MEX","Colorado Claro","Mild",
34,"Ornelas No. 6 Coffee","5","38","MEX","MEX","MEX","Colorado Claro","Mild",
34,"Ornelas No. 6 Vanilla","5","38","MEX","MEX","MEX","Colorado Claro","Mild",
34,"Ornelas Robusto","4.75","49","MEX","MEX","MEX","Colorado Claro","Mild",
34,"Ornelas Robusto Maduro","4.75","49","MEX","MEX","MEX","Maduro","Mild",
34,"Ornelas Tree Pack Chocolate","3.75","28","MEX","MEX","MEX","Colorado Claro","Mild",
34,"Ornelas Tree Pack Coffee","3.75","28","MEX","MEX","MEX","Colorado Claro","Mild",
34,"Ornelas Tree Pack Vanilla","3.75","28","MEX","MEX","MEX","Colorado Claro","Mild",
35,"Oro Cubano Anniversario Churchill ","7","50","DR","DR","CT/ECU","Naturale","Mild",
35,"Oro Cubano Anniversario Robusto","5.5","50","DR","DR","CT/ECU","Naturale","Mild",
35,"Oro Cubano Anniversario Toro","6","48","DR","DR","CT/ECU","Naturale","Mild",
36,"Oro de Cuba","","","DR","","","","",
36,"Oro de Cuba Excalibur","6","50","DR","","","","",
37,"Oro de Esteli Churchill","7","48","NIC","DR/HON/NIC","CTS/ECU","Claro","Medium",
37,"Oro de Esteli Churchill Maduro","7","48","NIC","DR/HON/NIC","COR/NIC","Maduro","Medium-Full",
37,"Oro de Esteli Corona","5","42","NIC","DR/HON/NIC","CTS/ECU","Claro","Medium",
37,"Oro de Esteli Corona Maduro","5","42","NIC","DR/HON/NIC","COR/NIC","Maduro","Medium-Full",
37,"Oro de Esteli Robusto","5","50","NIC","DR/HON/NIC","CTS/ECU","Claro","Medium",
37,"Oro de Esteli Robusto Maduro","5","50","NIC","DR/HON/NIC","COR/NIC","Maduro","Medium-Full",
38,"Oro de Panama Robusto","5","50","PAN","PAN","INDO/SUM","Colorado Maduro","Medium-Full",
38,"Oro de Panama Robusto Maduro","5","50","PAN","PAN","PAN","Maduro","Medium-Full",
38,"Oro de Panama Toro","6","50","PAN","PAN","INDO/SUM","Colorado Maduro","Medium-Full",
38,"Oro de Panama Toro Maduro","6","50","PAN","PAN","PAN","Maduro","Medium-Full",
38,"Oro de Panama Torpedo","6","52","PAN","PAN","INDO/SUM","Colorado Maduro","Medium-Full",
38,"Oro de Panama Torpedo Maduro","6.5","52","PAN","PAN","PAN","Maduro","Medium-Full",
39,"Oro de Reinitas Aromatic","3.5","21","FRA","BRA/INDO","SUM","Colorado Claro","",
39,"Oro de Reinitas Light","3.5","21","FRA","BRA/INDO","SUM","Colorado Claro","",
39,"Oro de Reinitas Regular","3.5","21","FRA","BRA/INDO","SUM","Colorado Claro","",
40,"Oro Negro Antonius","5","54","HON","HON","HON","Maduro","Medium",
40,"Oro Negro Churchill","7","50","HON","HON","HON","Maduro","Medium",
40,"Oro Negro Corona Sublime","5.5","46","HON","HON","HON","Maduro","Medium",
40,"Oro Negro Double Corona","7.75","50","HON","HON","HON","Maduro","Medium",
40,"Oro Negro No. II","6.25","44","HON","HON","HON","Maduro","Medium",
40,"Oro Negro Rothschild","4.75","50","HON","HON","HON","Maduro","Medium",
41,"Orosi Oro 500","5.5","42","NIC","NIC","CT/NIC","Colorado Claro","Medium",
41,"Orosi Oro 550","5","50","NIC","NIC","CT/NIC","Colorado Claro","Medium",
41,"Orosi Oro 600","6.25","44","NIC","NIC","CT/NIC","Colorado Claro","Medium",
41,"Orosi Oro 650","6","50","NIC","NIC","CT/NIC","Colorado Claro","Medium",
41,"Orosi Oro 700","7","49","NIC","NIC","CT/NIC","Colorado Claro","Medium",
42,"Ortega Big Red Machine Belicoso","6","52","NIC","NIC","ECU","Colorado Maduro","Medium-Full",
42,"Ortega Big Red Machine Churchill","6.5","48","NIC","NIC","ECU","Colorado Maduro","Medium-Full",
42,"Ortega Big Red Machine Robusto","5","50","NIC","NIC","ECU","Colorado Maduro","Medium-Full",
42,"Ortega Big Red Machine Toro","6.5","50","NIC","NIC","ECU","Colorado Maduro","Medium-Full",
42,"Ortega Cubao No. 1","6.5","49","NIC","NIC","ECU/SUM","Colorado","Medium-Full",
42,"Ortega Cubao No. 4","4.5","50","NIC","NIC","ECU/SUM","Colorado","Medium-Full",
42,"Ortega Cubao No. 5","6","50","NIC","NIC","ECU/SUM","Colorado","Medium-Full",
42,"Ortega Cubao No. 7","6","42","NIC","NIC","ECU/SUM","Colorado","Medium-Full",
42,"Ortega Heavy Duty 560","5","60","NIC","DR/NIC","ECU","Colorado Maduro","Full",
42,"Ortega Heavy Duty 570","5","70","NIC","DR/NIC","ECU","Colorado Maduro","Full",
42,"Ortega Heavy Duty 660","6","60","NIC","DR/NIC","ECU","Colorado Maduro","Full",
42,"Ortega Heavy Duty 670","6","70","NIC","DR/NIC","ECU","Colorado Maduro","Full",
42,"Ortega Heavy Duty 760","7","60","NIC","DR/NIC","ECU","Colorado Maduro","Full",
42,"Ortega Heavy Duty 770","7","70","NIC","DR/NIC","ECU","Colorado Maduro","Full",
42,"Ortega Mini Cigar Habano","4","38","DR","NIC","SEC","Rosado","Medium-Full",
42,"Ortega Mini Cigar Maduro","4","38","DR","NIC","SEC","Maduro","Medium-Full",
42,"Ortega Mini Cigar Natural","4","38","DR","NIC","SEC","Colorado Claro","Mild-Medium",
42,"Ortega Serie D Black Belicoso","6","52","NIC","NIC","ECU/HAB","Colorado Maduro","Full",
42,"Ortega Serie D Black Robusto","5","50","NIC","NIC","ECU/HAB","Colorado Maduro","Full",
42,"Ortega Serie D Black Toro","6.5","52","NIC","NIC","ECU/HAB","Colorado Maduro","Full",
42,"Ortega Serie D Habano No.10 ","6","52","NIC","NIC","ECU/HAB","Rosado","Medium-Full",
42,"Ortega Serie D Habano No.12","5","52","NIC","NIC","ECU/HAB","Rosado","Medium-Full",
42,"Ortega Serie D Habano No.20","6","60","NIC","NIC","ECU/HAB","Rosado","Medium-Full",
42,"Ortega Serie D Habano No.6","4.5","48","NIC","NIC","ECU/HAB","Rosado","Medium-Full",
42,"Ortega Serie D Habano No.7 ","5","46","NIC","NIC","ECU/HAB","Rosado","Medium-Full",
42,"Ortega Serie D Habano No.8 ","5.5","50","NIC","NIC","ECU/HAB","Rosado","Medium-Full",
42,"Ortega Serie D Maduro No.10","6","52","NIC","NIC","MEX","Maduro","Medium-Full",
42,"Ortega Serie D Maduro No.12","5","52","NIC","NIC","MEX","Maduro","Medium-Full",
42,"Ortega Serie D Maduro No.20","6","60","NIC","NIC","MEX","Maduro","Medium-Full",
42,"Ortega Serie D Maduro No.6","4.5","48","NIC","NIC","MEX","Maduro","Medium-Full",
42,"Ortega Serie D Maduro No.7 ","5","46","NIC","NIC","MEX","Maduro","Medium-Full",
42,"Ortega Serie D Maduro No.8 ","5.5","50","NIC","NIC","MEX","Maduro","Medium-Full",
42,"Ortega Serie D Maduro No.9 ","6.5","38","NIC","NIC","MEX","Maduro","Medium-Full",
42,"Ortega The Wild Bunch 01/2013 Big Bad John Jackhammer","6.875","60","NIC","NIC","HAB/NIC","Rosado","Full",
42,"Ortega The Wild Bunch 02/2013 Iron Mike I Beam","4.875","54","NIC","NIC","HAB/NIC","Oscuro","Full",
42,"Ortega The Wild Bunch 03/2013 Island Jim WaHoo ","6.5","52","NIC","NIC","ECU/HAB","Colorado Maduro","Medium",
42,"Ortega The Wild Bunch 04/2013 Tony The Boss","7.5","49","NIC","NIC","ECU","Rosado","Medium",
42,"Ortega The Wild Bunch 05/2013 Dandy McCoy Empire State","6","54","NIC","NIC","CTB","Maduro","Full",
42,"Ortega The Wild Bunch 06/2013 Honest Abe Ringmaster","6.5","52","NIC","NIC","ECU","Colorado","Medium-Full",
42,"Ortega The Wild Bunch 07/2013 Wild Bill","6","46","NIC","NIC","ECU","Oscuro","Medium-Full",
42,"Ortega The Wild Bunch 08/2013 Fast Eddie ","6.5","38","NIC","NIC","ECU/SUM","Colorado Maduro","Medium",
42,"Ortega The Wild Bunch 09/2013 Gearhead Gary","6","52","NIC","NIC","ECU/HAB","Maduro","Medium",
42,"Ortega The Wild Bunch 10/2013 Warrior Joe","6.5","50","NIC","NIC","ECU/SUM","Maduro","Medium",
42,"Ortega The Wild Bunch 11/2013 Da Byrdman","6","54","NIC","NIC","CTB/USA","Maduro","Medium-Full",
42,"Ortega The Wild Bunch 12/2013 Crazy Jack ","7","58","NIC","NIC","HAB","Colorado Maduro","Full",
42,"Ortega Wings for Warriors Coastie","5","46","DR","NIC","ECU","Colorado","Medium-Full",
42,"Ortega Wings for Warriors Fly Boy","7","49","DR","NIC","ECU","Colorado","Medium-Full",
42,"Ortega Wings for Warriors Muddy Boot","6","60","DR","NIC","ECU","Colorado","Medium-Full",
42,"Ortega Wings for Warriors Soldier of the Sea","6","50","DR","NIC","ECU","Colorado","Medium-Full",
42,"Ortega Wings for Warriors Squid","6","52","DR","NIC","ECU","Colorado","Medium-Full",
43,"Ortez y Turrent Dos Familias Belicoso","6.125","52","NIC","MEX/NIC","CRI/MEX","Colorado Maduro","Medium-Full",
43,"Ortez y Turrent Dos Familias Churchill","7","56","NIC","MEX/NIC","CRI/MEX","Colorado Maduro","Medium-Full",
43,"Ortez y Turrent Dos Familias Corona","5.25","44","NIC","MEX/NIC","CRI/MEX","Colorado Maduro","Medium-Full",
43,"Ortez y Turrent Dos Familias Robusto","5.25","52","NIC","MEX/NIC","CRI/MEX","Colorado Maduro","Medium-Full",
43,"Ortez y Turrent Dos Familias Toro ","6","56","NIC","MEX/NIC","CRI/MEX","Colorado Maduro","Medium-Full",
44,"ORTSAC 1962 Bulletproof Robusto","5","52","NIC","DR/NIC","COR/NIC","Colorado Maduro","Medium-Full",
44,"ORTSAC 1962 Bulletproof Toro Grande ","6","54","NIC","DR/NIC","COR/NIC","Colorado Maduro","Medium-Full",
44,"ORTSAC 1962 Bulletproof Torpedo","6.25","56","NIC","DR/NIC","COR/NIC","Colorado Maduro","Medium-Full",
44,"ORTSAC 1962 Corojo Robusto","5","52","DR","DR/NIC","COR/NIC","Colorado Maduro","Medium",
44,"ORTSAC 1962 Corojo Super Toro","6","54","DR","DR/NIC","COR/NIC","Colorado Maduro","Medium",
44,"ORTSAC 1962 Corojo Toro","6","54","DR","DR/NIC","COR/NIC","Colorado Maduro","Medium",
44,"ORTSAC 1962 Corojo Torpedo","6.25","54","DR","DR/NIC","COR/NIC","Colorado Maduro","Medium",
44,"ORTSAC 1962 Habano 660","6","60","HON","NIC","ECU/HAB","Colorado","Mild-Medium",
44,"ORTSAC 1962 Habano Exorsist","6","66","HON","NIC","ECU/HAB","Colorado","Mild-Medium",
44,"ORTSAC 1962 Habano Robusto","5","54","HON","NIC","ECU/HAB","Colorado","Mild-Medium",
44,"ORTSAC 1962 Habano Toro","6","56","HON","NIC","ECU/HAB","Colorado","Mild-Medium",
44,"ORTSAC 1962 San Andres Oscuro Exorsist","6","66","HON","NIC","MEX","Oscuro","Mild-Medium",
44,"ORTSAC 1962 San Andres Oscuro Robusto","5","52","HON","NIC","MEX","Oscuro","Mild-Medium",
44,"ORTSAC 1962 San Andres Oscuro Titan","6","60","HON","NIC","MEX","Oscuro","Mild-Medium",
44,"ORTSAC 1962 San Andres Oscuro Toro","6","56","HON","NIC","MEX","Oscuro","Mild-Medium",
45,"Oscar Don Oscar","9","48","DR","DR","CT/USA","Colorado Claro","Medium-Full",
45,"Oscar No. 100","7","38","DR","DR","CT/USA","Colorado Claro","Medium-Full",
45,"Oscar No. 200","7","44","DR","DR","CT/USA","Colorado Claro","Medium-Full",
45,"Oscar No. 300","6.25","44","DR","DR","CT/USA","Colorado Claro","Medium-Full",
45,"Oscar No. 400","6","38","DR","DR","CT/USA","Colorado Claro","Medium-Full",
45,"Oscar No. 500","5.5","50","DR","DR","CT/USA","Colorado Claro","Medium-Full",
45,"Oscar No. 600","4.5","50","DR","DR","CT/USA","Colorado Claro","Medium-Full",
45,"Oscar No. 700","7","54","DR","DR","CT/USA","Colorado Claro","Medium-Full",
45,"Oscar No. 800","4","42","DR","DR","CT/USA","Colorado Claro","Medium-Full",
45,"Oscar Oscarito","4","20","DR","DR","CT/USA","Colorado Claro","Medium-Full",
45,"Oscar Prince","5","30","DR","DR","CT/USA","Colorado Claro","Medium-Full",
45,"Oscar Supreme","8","48","DR","DR","CT/USA","Colorado Claro","Medium-Full",
46,"Oscar Valladares Leaf by Oscar Cinco Maduro Sixty","6","60","HON","CR/MEX/NIC","NIC","Maduro","Medium-Full",
46,"Oscar Valladares Leaf by Oscar Cinco Maduro Toro","6","50","HON","CR/MEX/NIC","NIC","Maduro","Medium-Full",
46,"Oscar Valladares Leaf by Oscar Cinco Maduro Torpedo","6.5","50","HON","CR/MEX/NIC","NIC","Maduro","Medium-Full",
46,"Oscar Valladares Leaf by Oscar Connecticut 6x60","6","60","HON","HON","CT","Colorado Claro","Medium",
46,"Oscar Valladares Leaf by Oscar Connecticut Lancero","7","38","HON","HON","CT","Colorado Claro","Medium",
46,"Oscar Valladares Leaf by Oscar Connecticut Robusto","5","48","HON","HON","CT","Colorado Claro","Medium",
46,"Oscar Valladares Leaf by Oscar Connecticut Toro","6","52","HON","HON","CT","Colorado Claro","Medium",
46,"Oscar Valladares Leaf by Oscar Corojo 6x60","6","60","HON","HON","ECU","Colorado","Medium",
46,"Oscar Valladares Leaf by Oscar Corojo Lancero","7","38","HON","HON","ECU","Colorado","Medium",
46,"Oscar Valladares Leaf by Oscar Corojo Robusto","5","48","HON","HON","ECU","Colorado","Medium",
46,"Oscar Valladares Leaf by Oscar Corojo Toro ","6","52","HON","HON","ECU","Colorado","Medium",
46,"Oscar Valladares Leaf by Oscar Maduro 6x60 ","6","60","HON","HON","NIC","Maduro","Medium",
46,"Oscar Valladares Leaf by Oscar Maduro Lancero ","7","38","HON","HON","NIC","Maduro","Medium",
46,"Oscar Valladares Leaf by Oscar Maduro Robusto","5","48","HON","HON","NIC","Maduro","Medium",
46,"Oscar Valladares Leaf by Oscar Maduro Toro ","6","52","HON","HON","NIC","Maduro","Medium",
46,"Oscar Valladares Leaf by Oscar Sumatra 6x60","6","60","HON","HON","SUM","Colorado","Medium",
46,"Oscar Valladares Leaf by Oscar Sumatra Lancero","7","38","HON","HON","SUM","Colorado","Medium",
46,"Oscar Valladares Leaf by Oscar Sumatra Robusto","5","48","HON","HON","SUM","Colorado","Medium",
46,"Oscar Valladares Leaf by Oscar Sumatra Toro ","6","52","HON","HON","SUM","Colorado","Medium",
46,"Oscar Valladares The Oscar Robusto Habano","5","50","HON","NIC","ECU/HAB","Colorado Maduro","Medium",
46,"Oscar Valladares The Oscar Sixty Habano","6","60","HON","NIC","ECU/HAB","Colorado","Medium",
46,"Oscar Valladares The Oscar Toro Habano","6","52","HON","NIC","ECU/HAB","Colorado","Medium",
46,"Oscar Valladares Woody","21","100","UND","SEC","SEC","Maduro","Mild-Medium",
47,"Oud Kampen","","","HOL","","","","",
48,"Our Family's Finest Churchill Habana","7","50","DR","DR","HAB/HON","Colorado Maduro","Medium",
48,"Our Family's Finest Robusto Connecticut","5","50","DR","DR","CTS/USA","Colorado Claro","Medium",
49,"Outdoorsman (Camacho) Churchill","7","48","HON","HON","CRI/HON","Colorado","Mild-Medium",
49,"Outdoorsman (Camacho) Gordo","6","60","HON","HON","CRI/HON","Colorado","Mild-Medium",
49,"Outdoorsman (Camacho) Presidente","8.5","52","HON","HON","CRI/HON","Colorado","Mild-Medium",
49,"Outdoorsman (Camacho) Toro","6","50","HON","HON","CRI/HON","Colorado","Mild-Medium",
50,"Outlaw Cigars Bad to the Bone Connecticut Shade Churchill","7","52","USA","DR","CTS","Colorado Claro","Mild",
50,"Outlaw Cigars Bad to the Bone Connecticut Shade Toro","6","52","USA","DR","CTS","Colorado Claro","Mild",
50,"Outlaw Cigars Bad to the Bone Connecticut Shade Torpedo","6","52","USA","DR","CTS","Colorado Claro","Mild",
50,"Outlaw Cigars Bad to the Bone Corojo Churchill ","7","52","USA","DR","COR","Colorado","Mild",
50,"Outlaw Cigars Bad to the Bone Corojo Toro","6","52","USA","DR","COR","Colorado","Mild",
50,"Outlaw Cigars Bad to the Bone Corojo Torpedo","6","52","USA","DR","COR","Colorado","Mild",
50,"Outlaw Cigars Gunslinger Black Powder Belicoso","7","54","NIC","NIC","MEX","Colorado Maduro","Medium-Full",
50,"Outlaw Cigars Gunslinger Black Powder Corona","6","44","NIC","NIC","MEX","Colorado Maduro","Medium-Full",
50,"Outlaw Cigars Gunslinger Black Powder Lancero","7.5","38","NIC","NIC","MEX","Colorado Maduro","Medium-Full",
50,"Outlaw Cigars Gunslinger Black Powder Robusto","5.5","48","NIC","NIC","MEX","Colorado Maduro","Medium-Full",
50,"Outlaw Cigars Gunslinger Black Powder Short Belicoso","5.5","52","NIC","NIC","MEX","Colorado Maduro","Medium-Full",
50,"Outlaw Cigars Gunslinger Black Powder Super Gordo","7","60","NIC","NIC","MEX","Colorado Maduro","Medium-Full",
50,"Outlaw Cigars Gunslinger Black Powder Toro","6","52","NIC","NIC","MEX","Colorado Maduro","Medium-Full",
50,"Outlaw Cigars Gunslinger Drifter Corona","6","44","NIC","HON/NIC","NIC","Colorado Maduro","Medium-Full",
50,"Outlaw Cigars Gunslinger Drifter Gordo ","6","60","NIC","HON/NIC","NIC","Colorado Maduro","Medium-Full",
50,"Outlaw Cigars Gunslinger Drifter Robusto","5","50","NIC","HON/NIC","NIC","Colorado Maduro","Medium-Full",
50,"Outlaw Cigars Gunslinger Drifter Toro","6","52","NIC","HON/NIC","NIC","Colorado Maduro","Medium-Full",
50,"Outlaw Cigars Gunslinger Drifter Torpedo","6","54","NIC","HON/NIC","NIC","Colorado Maduro","Medium-Full",
50,"Outlaw Cigars Gunslinger Hangman Corona","6","44","NIC","CRI/NIC","NIC","Maduro","Medium-Full",
50,"Outlaw Cigars Gunslinger Hangman Gordo","6","60","NIC","CRI/NIC","NIC","Maduro","Medium-Full",
50,"Outlaw Cigars Gunslinger Hangman Robusto","5","50","NIC","CRI/NIC","NIC","Maduro","Medium-Full",
50,"Outlaw Cigars Gunslinger Hangman Toro","6","52","NIC","CRI/NIC","NIC","Maduro","Medium-Full",
50,"Outlaw Cigars Gunslinger Hangman Torpedo","6","54","NIC","CRI/NIC","NIC","Maduro","Medium-Full",
50,"Outlaw Cigars Gunslinger Perdition Corona","6","44","NIC","CTB/HON/NIC","MEX","Maduro","Medium-Full",
50,"Outlaw Cigars Gunslinger Perdition Corona Gorda","5.5","48","NIC","CTB/HON/NIC","MEX","Maduro","Medium-Full",
50,"Outlaw Cigars Gunslinger Perdition Super Gordo","7","60","NIC","CTB/HON/NIC","MEX","Maduro","Medium-Full",
50,"Outlaw Cigars Gunslinger Perdition Toro","6","52","NIC","CTB/HON/NIC","MEX","Maduro","Medium-Full",
50,"Outlaw Cigars Gunslinger Unforgiven Belicoso","7","54","NIC","NIC","NIC","Colorado","Medium",
50,"Outlaw Cigars Gunslinger Unforgiven Corona","6","44","NIC","NIC","NIC","Colorado","Medium",
50,"Outlaw Cigars Gunslinger Unforgiven Robusto","5.5","48","NIC","NIC","NIC","Colorado","Medium",
50,"Outlaw Cigars Gunslinger Unforgiven Toro","6","52","NIC","NIC","NIC","Colorado","Medium",
